,Drug,nPublication,efficacyScore,safetyScore,nParticipants,qualityScore,distanceScore,drugScore
1,azathioprine,1,4,1,33,20,3.438614337,1.035126059
2,clemastine,1,4,2,50,18.5,3.454515965,1.039912926
3,hydroxychloroquine,1,0,1,35,13.5,0.563587837,0.169656844
4,metformin,1,4,2,30,13.75,2.565671479,0.772344074
5,pioglitazone,2,4,2,28,15,2.797965087,1.334968613
